1,2011-09-29,1,0962,8606,2477,6769,5566,3961,2382,2064,5822,2798
2,2011-09-29,2,5919,5121,8176,0083,6688,4018,8046,1029,6168,4318
3,2011-11-08,1,3822,4388,6124,9889,3780,1446,2684,5706,6720,6191
4,2011-11-08,2,3633,7783,4151,0197,3989,4861,2513,5371,4628,3693
5,2011-11-30,1,5601,4446,1773,5492,8136,7055,9665,7813,2616,8476
6,2011-11-30,2,8681,4867,2069,4927,4747,4146,7168,0045,7159,9449
7,2012-04-10,1,5563,6413,7928,0515,1956,9210,8176,5419,6931,9907
8,2012-04-10,2,1074,4520,3819,3990,2512,8745,8341,2784,6889,5286
9,2011-06-09,1,1973,9088,1922,6125,1225,9312,5302,3974,4785,7388
10,2011-06-09,2,1441,8978,9409,0259,8631,3535,8496,8235,7223,8211
11,2011-05-18,1,8675,3133,0115,5261,3791,9059,3161,7699,8077,9253
12,2011-05-18,2,1704,7240,4942,3688,9468,4392,9691,8336,0065,4564
13,2012-05-18,1,2044,5323,1087,4948,2178,5612,2598,2263,0366,9213
14,2012-05-18,2,1827,9455,3601,7128,9343,0918,3897,9873,4414,5165
15,2012-04-19,1,0028,0681,1365,7265,2770,3325,6438,0452,5476,5166
16,2012-04-19,2,8472,2111,0908,6268,8547,7829,1219,9752,8690,0761
17,2012-02-25,1,7523,0021,7834,2278,2594,6584,3421,0603,1666,8995
18,2012-02-25,2,8625,3725,6896,7526,4061,7100,5422,0137,1566,1080
19,2012-05-08,1,7284,9270,4626,1813,0396,4988,8213,0865,1871,4819
20,2012-05-08,2,8171,3665,0672,9773,0290,1992,5852,2786,3927,1283
21,2011-09-02,1,5902,2975,0021,3333,1100,9355,5397,9301,3598,7219
22,2011-09-02,2,5714,7410,6050,9803,4096,8369,4176,5267,9680,9509
23,2011-05-25,1,1370,9170,1631,0827,2246,9012,8049,3481,4361,2436
24,2011-05-25,2,8186,5391,0005,7155,5230,6186,3366,5773,8908,1811
25,2012-05-25,1,5858,1409,5129,4399,4780,4431,4972,6856,0265,1192
26,2012-05-25,2,1731,6175,2511,4488,0904,8963,3868,9239,9075,9720
27,2011-12-16,1,1747,5510,3569,2010,1065,5635,7520,6271,9394,6622
28,2011-12-16,2,4956,3082,4826,5081,7901,9580,1593,1728,8205,9053
29,2011-10-24,1,8237,5063,8931,1923,1567,2041,0845,9056,1402,6951
30,2011-10-24,2,2535,9393,7765,4031,6592,4345,3968,8957,8689,7983
31,2011-06-18,1,7976,4922,0920,5472,1328,1017,7814,6409,0030,5110
32,2011-06-18,2,9276,3843,8254,1981,6769,5763,4253,4579,0656,0330
33,2012-06-18,1,1460,5115,4466,9910,9803,5595,7742,9604,6682,8643
34,2012-06-18,2,4658,5195,9530,8438,6299,1361,2732,9090,6226,5663
35,2011-05-07,1,3072,9153,8106,1844,3868,1798,4416,9312,2357,5017
36,2011-05-07,2,3228,7225,4406,9876,3842,9846,5791,4129,7101,1319
37,2011-10-08,1,0720,3285,3097,4776,1131,2112,4647,4911,9071,6078
38,2011-10-08,2,2214,5922,7549,0648,1854,1124,2821,9556,0251,6280
39,2012-05-07,1,4981,1441,1904,2859,5304,4145,8135,8429,6781,1767
40,2012-05-07,2,5859,6455,0564,9289,8520,7686,2584,3638,5906,6407
41,2012-01-12,1,0834,5838,0492,8801,6473,0179,3994,4619,5997,2162
42,2012-01-12,2,6499,5315,8153,2887,3499,4901,2575,3220,9271,9800
43,2012-02-24,1,8674,0637,6755,2065,1769,6883,8882,8575,2371,6204
44,2012-02-24,2,1246,1500,2286,1001,7543,8566,5657,6153,9122,2319
45,2011-07-02,1,3630,5193,8513,2101,8846,6569,1211,5520,0907,4966
46,2011-07-02,2,3756,0756,3512,9892,4468,8123,8931,9249,0681,9578
47,2011-06-02,1,1891,7838,3462,8868,5389,6505,0308,7504,0846,1550
48,2011-06-02,2,6188,4065,3512,7496,3235,0000,3992,5564,8153,3631
49,2012-05-29,1,5164,9698,6987,8451,0363,4606,5938,2003,3409,6403
50,2012-05-29,2,2786,0979,0930,9498,8648,7921,3174,8841,5617,5878
51,2012-05-19,1,8462,6433,3421,9885,3698,9215,3992,0150,1284,5192
52,2012-05-19,2,7777,5629,3937,8530,7623,8286,6218,7636,5360,4012
53,2011-05-13,1,2740,2750,3228,4442,4047,1220,9635,2041,6799,5057
54,2011-05-13,2,5693,0723,5542,7133,7218,6136,8945,0080,4224,6654
55,2011-07-23,1,1064,9455,6777,3178,5933,3015,6233,0755,9510,9089
56,2011-07-23,2,1086,5754,9939,9823,5996,8071,0115,5010,5629,0309
57,2012-06-09,1,9779,0495,6074,2151,1372,8831,5018,6462,3578,3110
58,2012-06-09,2,5093,8288,1096,8681,0745,3589,0201,2577,4448,6688
59,2011-11-04,1,2871,2083,8449,6403,8897,2265,8749,5256,6024,3896
60,2011-11-04,2,9652,2618,3772,4918,4608,8738,5119,0550,0581,5542
61,2011-12-21,1,1319,4637,9990,1120,0098,8081,9570,6660,7323,0838
62,2011-12-21,2,8865,2827,4751,3223,9488,9822,1508,2226,8977,8580
63,2012-04-23,1,0177,9248,3802,9260,8345,9022,6056,1346,4761,9693
64,2012-04-23,2,1774,7110,1214,7475,7794,1203,5375,5924,8117,1656
65,2012-03-28,1,7295,9116,8550,9237,9743,5677,8151,2932,9950,3250
66,2012-03-28,2,0677,4737,9379,5655,7099,8073,3294,9832,4001,5556
67,2012-01-30,1,1214,8730,4058,7783,2380,4758,7498,0785,9832,4312
68,2012-01-30,2,8071,7839,7092,2620,3674,4796,9806,6150,6159,8254
69,2011-08-26,1,1831,5350,0885,9588,1351,3923,0857,9515,2167,0478
70,2011-08-26,2,7160,0523,7164,7276,9144,7699,4011,8848,4994,2838
71,2011-06-07,1,2411,6034,8033,3160,4298,9102,3957,9644,0270,5266
72,2011-06-07,2,6284,5918,3706,8027,1974,5482,4109,1464,0903,3646
73,2012-01-11,1,5246,1053,9984,1825,9478,8279,7801,7258,8755,3111
74,2012-01-11,2,5871,0747,6294,7460,0833,7987,6215,3335,1217,5126
75,2012-02-22,1,5853,7053,5079,5218,2580,6678,1874,3076,8996,5060
76,2012-02-22,2,4962,9758,7741,4067,0671,3254,5371,2804,4396,4716
77,2011-10-10,1,6737,9962,6068,3784,1620,1527,7353,1129,5716,5165
78,2011-10-10,2,1971,6363,8420,4695,1217,6491,2891,5764,1111,5513
79,2011-09-21,1,2936,2160,8281,3406,2232,2679,3440,1397,1190,5393
80,2011-09-21,2,4066,4078,7946,2717,9756,0215,8275,3192,9480,4656
81,2011-12-19,1,7914,0215,9288,3128,6203,1903,8050,4832,0573,7544
82,2011-12-19,2,0425,4042,4000,0302,0323,3958,5213,4380,0856,1401
83,2012-04-24,1,5765,5864,6340,6592,4829,2979,5129,9688,1551,0419
84,2012-04-24,2,2342,6146,5830,3105,5937,1883,9690,6665,4731,6422
85,2011-08-06,1,4153,2359,9905,4891,3978,8333,8487,9171,4391,3408
86,2011-08-06,2,9830,6344,4672,8845,0181,4900,0327,0569,3650,3503
87,2012-03-13,1,6440,9885,8267,4782,3824,9590,0107,0858,2049,8673
88,2012-03-13,2,6744,8634,0885,4323,5730,1072,9937,0226,2100,6705
89,2012-04-12,1,7392,6724,6985,7148,0939,7974,0637,9075,9357,8161
90,2012-04-12,2,6543,2569,9273,3697,5831,9507,9263,9219,5745,3205
91,2012-01-07,1,6685,9084,7499,4929,2351,4216,0637,0182,6485,4674
92,2012-01-07,2,0696,3453,7297,5487,8590,0151,5370,6637,3569,2661
93,2011-11-21,1,4572,3313,1633,5734,4300,3522,6410,8192,9644,2317
94,2011-11-21,2,1926,6468,3794,0411,2873,7584,1254,6635,5971,2382
95,2012-02-09,1,8053,1273,2386,6777,7361,5891,8222,1653,6354,9885
96,2012-02-09,2,7430,3725,6289,9440,1352,4008,4903,4316,1372,9487
97,2012-03-06,1,2550,0028,0484,8961,6448,0692,9364,9009,2569,5811
98,2012-03-06,2,9651,4214,7878,2813,8545,6510,2918,3584,6148,5838
99,2012-03-07,1,8359,0040,8399,2303,9084,1457,5654,9302,0866,9269
100,2012-03-07,2,8853,8417,8184,7307,8321,6788,8080,0366,8795,9151
101,2011-06-10,1,7514,5137,2661,3312,7521,6830,7093,9695,6400,5902
102,2011-06-10,2,6253,9184,5578,1638,2333,8736,3741,6608,0405,4699
103,2012-04-09,1,2693,8661,2290,8763,5473,4718,2715,7446,8805,5275
104,2012-04-09,2,7132,1502,4468,1632,0835,8807,5897,8527,1591,0565
105,2011-07-09,1,1498,1492,4817,2741,3751,7893,2743,0197,5818,1640
106,2011-07-09,2,8623,1279,1512,4379,3117,8262,1989,3194,9092,6665
107,2012-04-26,1,4180,1506,9082,9464,4191,1645,5240,2570,2874,2144
108,2012-04-26,2,6060,5938,4522,9045,4235,7152,7581,1142,8826,7964
109,2011-08-25,1,2515,2070,7584,7262,9727,3231,7610,7769,3699,7292
110,2011-08-25,2,4835,9280,3802,3403,4971,8848,2863,9154,5245,0533
111,2011-09-19,1,1767,5236,0218,8618,3534,4797,6184,1884,7380,3193
112,2011-09-19,2,6366,6661,9169,7013,6645,0741,4212,0945,8084,1186
113,2011-05-28,1,6545,0533,8224,3857,5191,2376,8234,5584,5860,8680
114,2011-05-28,2,9465,3471,6504,1803,2083,8639,1035,6991,1315,3228
115,2012-05-28,1,2389,3490,6666,8142,5462,9578,7793,3294,9618,9115
116,2012-05-28,2,0219,3266,4560,0489,3226,8304,4563,1852,3818,6092
117,2011-12-22,1,8550,1324,4498,8163,7658,3398,5082,2533,5089,4836
118,2011-12-22,2,2848,8813,1233,5617,1801,4327,2385,5466,7047,8522
119,2012-04-03,1,7164,4360,3059,3995,1918,8700,2591,4701,1221,1617
120,2012-04-03,2,7043,7443,4429,7453,9030,3861,8511,9962,1234,4881
121,2012-02-23,1,1747,4622,1528,5699,3819,1602,4766,6715,7520,4697
122,2012-02-23,2,3959,8427,7845,5936,0952,0243,1235,4248,4467,7262
123,2011-09-10,1,7088,4786,8745,0014,5624,5005,0681,4551,4994,7144
124,2011-09-10,2,9836,6851,9639,3982,9784,2026,9477,6923,5534,2615
125,2012-02-10,1,1014,4965,0289,9434,2625,0611,3511,6913,3095,9661
126,2012-02-10,2,8438,7118,5473,9699,4696,6881,4171,9176,5547,4430
127,2012-02-02,1,3785,3256,1467,6847,0824,0715,2972,0443,9606,4823
128,2012-02-02,2,8060,0461,7940,4097,1585,1704,4116,1125,9430,9290
129,2012-02-16,1,6756,9886,5913,3571,8717,3912,9563,2851,9165,9388
130,2012-02-16,2,3700,6339,0047,1071,5704,8676,9190,4420,1248,3335
131,2012-05-10,1,7311,1693,3145,1991,1023,5597,2482,6228,4452,0813
132,2012-05-10,2,0889,7152,0479,7947,0823,8653,9042,4553,1941,4538
133,2011-12-05,1,5871,5503,8924,2489,1104,8173,9449,9587,1795,3104
134,2011-12-05,2,5758,8846,5853,6941,5484,0924,9674,1619,5930,2551
135,2011-09-27,1,3043,7996,9347,8444,1203,0622,4592,3529,3129,2255
136,2011-09-27,2,6594,2584,7494,7451,8184,0667,2709,8221,0304,5950
137,2012-02-01,1,3882,8071,6941,1714,9740,7911,6044,7201,5755,7053
138,2012-02-01,2,4549,6242,0835,0349,4159,5293,5520,7871,7750,6905
139,2011-10-11,1,6166,7839,9623,9773,4713,9389,2141,9066,4319,6197
140,2011-10-11,2,7147,5246,4932,2271,7998,4407,6919,6544,5850,7165
141,2012-02-11,1,7935,9938,3224,8411,6089,5037,2225,5406,2626,8591
142,2012-02-11,2,4799,8392,9256,0878,5393,9231,3840,6946,1076,4862
143,2011-07-22,1,8093,3724,2064,8593,1631,2478,7812,0136,0179,5595
144,2011-07-22,2,0719,4637,9895,4553,3345,5231,0233,3889,5115,8738
145,2012-01-10,1,1691,7887,8311,6533,5841,3740,7997,4183,2575,6173
146,2012-01-10,2,9718,0011,5993,8690,2006,4111,5564,1419,2850,6170
147,2011-12-26,1,0567,0643,2138,2815,8310,1228,7860,5978,1413,8639
148,2011-12-26,2,4252,3151,5322,8090,2268,4892,8162,7214,8697,5679
149,2011-07-16,1,5715,0416,0962,8073,4475,2426,6165,4722,6012,1584
150,2011-07-16,2,0456,6190,8570,8904,8458,3143,2524,5619,9857,1286
151,2012-01-20,1,2367,9730,1456,5852,4182,8367,4429,9003,5443,8636
152,2012-01-20,2,1330,3204,7908,8661,7982,1871,0558,4351,7578,9357
153,2011-07-26,1,0701,7928,5717,8541,4734,0042,1248,5412,3927,0009
154,2011-07-26,2,9807,1495,7777,8235,5952,3721,5255,6437,1397,9375
155,2011-05-24,1,4000,3995,1496,6875,3206,8356,3497,2791,0799,6945
156,2011-05-24,2,3340,3883,7365,4516,2603,6535,5890,4475,6560,5557
157,2012-05-24,1,4895,0956,5642,5255,8305,8177,2942,2102,1942,2190
158,2012-05-24,2,2154,0420,5522,3942,5884,9883,1017,4143,8813,5590
159,2012-03-30,1,1894,4774,7124,7742,9771,9791,0359,9046,0298,8563
160,2012-03-30,2,4575,5478,1548,3726,8057,3607,0590,2825,1728,7833
161,2011-12-14,1,7590,8796,3121,1371,1535,1388,2569,4229,3750,0339
162,2011-12-14,2,8019,9913,5904,0922,0047,2154,6847,5374,4647,0834
163,2011-12-27,1,4550,9146,6957,0192,5075,1970,0822,4927,8437,6770
164,2011-12-27,2,4275,0346,6653,0736,7070,3705,8439,0305,4650,5859
165,2011-10-15,1,6512,2462,3149,1624,0521,4830,8049,4534,1661,4708
166,2011-10-15,2,3918,1461,1375,4331,6451,7749,4232,4553,0995,7577
167,2012-04-16,1,0070,5107,1952,9560,5554,7929,1418,0658,2068,7515
168,2012-04-16,2,8615,3263,2713,4208,7074,4113,0490,7091,1482,8629
169,2011-08-24,1,4698,5224,8572,7281,9641,2328,0582,0195,7717,3984
170,2011-08-24,2,3661,7497,0646,3774,8894,3834,0593,8351,2041,4862
171,2012-03-24,1,4090,3167,8394,6035,1349,4683,4859,4831,6659,7323
172,2012-03-24,2,9311,4683,5230,4108,2211,3798,1572,3514,8523,5653
173,2011-08-13,1,7100,1311,5774,7989,0672,9385,9637,8135,7158,4796
174,2011-08-13,2,8476,3091,9595,3887,3186,3301,0898,9807,9501,2260
175,2012-06-08,1,5374,4384,0968,2611,8035,0350,4757,0632,1581,3894
176,2012-06-08,2,5961,1670,3434,5445,9752,4074,0957,6262,6723,5039
177,2011-06-08,1,7451,6334,3392,5751,0206,5232,3416,5967,3425,3720
178,2011-06-08,2,8538,8939,7130,5323,6452,1302,3824,7145,0218,4290
179,2012-02-29,1,9767,7471,6159,3051,1020,7059,2696,0387,1561,7806
180,2012-02-29,2,1093,4272,3093,4261,9330,6899,2119,6780,2147,3690
181,2012-02-17,1,8706,8460,0535,6153,9895,5443,3311,6731,4154,6753
182,2012-02-17,2,8213,6035,6277,5476,9088,6580,1513,7812,1393,9818
183,2011-10-03,1,5232,8764,7857,9504,6085,2206,6515,1930,9453,9584
184,2011-10-03,2,6374,5771,7129,2311,6350,1398,6275,1242,3963,6661
185,2011-09-14,1,0708,6669,8831,0164,4920,3487,5575,7755,4608,4477
186,2011-09-14,2,3366,4002,8693,7459,1577,4787,9481,6492,5511,0948
187,2012-04-11,1,5109,1731,6163,4684,5255,2576,4395,5921,1102,4678
188,2012-04-11,2,8385,2334,5296,1383,7469,5507,8818,2023,6506,8605
189,2012-01-28,1,2849,9444,7141,8579,2768,4713,9141,4157,8680,2843
190,2012-01-28,2,3044,6990,3328,6646,5120,5036,9687,5271,3378,3954
191,2011-09-20,1,5221,7355,9989,9280,9114,8942,8437,8695,6776,6508
192,2011-09-20,2,9445,6082,5328,3741,0888,8298,7096,2459,1555,7490
193,2011-06-29,1,3221,0778,3529,5270,5744,3900,1534,8863,8755,6238
194,2011-06-29,2,5346,5874,8442,8146,7607,1685,1897,1214,3737,1781
195,2012-06-29,1,2511,5385,0103,7357,9758,0560,9464,3833,6485,6918
196,2012-06-29,2,5750,9258,1391,4718,3609,8555,6907,5567,8968,5917
197,2011-09-26,1,9797,5429,1625,0168,2827,6038,5002,6804,8967,4078
198,2011-09-26,2,0385,1326,8118,6257,8717,5570,4620,8671,5066,7367
199,2012-03-23,1,4816,9976,8460,9789,6440,1969,6289,4378,7445,7020
200,2012-03-23,2,9716,9737,5401,9671,4771,3655,4889,5871,9060,2091
201,2011-11-14,1,4180,2186,5985,2829,3480,9902,9695,5666,5339,6457
202,2011-11-14,2,1906,5403,5514,1748,8925,4199,4871,2171,9933,1364
203,2011-07-08,1,4635,3574,0587,4828,8756,7513,4899,5028,3077,1635
204,2011-07-08,2,2657,2824,2704,7834,7687,1814,2178,5537,3335,5747
205,2011-10-22,1,9021,1271,3057,3932,3537,6467,5686,5229,5973,8263
206,2011-10-22,2,3959,7226,5801,4706,5801,0001,6726,5665,1590,0814
207,2011-06-03,1,5807,5274,3128,1029,6629,0784,6306,1227,1984,0859
208,2011-06-03,2,7704,8490,4470,6299,7613,0344,7526,3980,9091,2533
209,2011-07-21,1,2926,6502,7638,8053,1379,6087,3966,9807,9533,1950
210,2011-07-21,2,7594,3149,1088,4789,1944,3669,6251,5574,8516,5147
211,2012-04-13,1,6973,8494,6182,9551,1804,4628,8418,2792,4065,1562
212,2012-04-13,2,3548,7300,8967,8748,7701,2768,1676,0585,7851,5337
213,2011-08-10,1,9711,9712,3146,3901,0204,2197,4646,2252,5149,8861
214,2011-08-10,2,0397,4284,1837,9529,1314,8826,3014,2200,8228,7832
215,2012-07-02,1,1200,9829,9618,9211,7915,0456,0597,6678,1559,3565
216,2012-07-02,2,3344,9823,3241,0807,4804,8491,3034,6178,8653,3349
217,2011-08-27,1,6476,0775,6801,5892,0213,0081,2291,2529,9704,1081
218,2011-08-27,2,6630,6980,7761,5896,2803,4095,0507,4609,5144,7131
219,2011-12-17,1,9275,1022,2276,0553,7253,9234,2511,2443,1815,9725
220,2011-12-17,2,0147,0999,0769,5451,7761,7209,4056,7230,8624,6319
221,2011-09-09,1,3348,4267,6714,1552,7755,4355,7394,4910,1870,2353
222,2011-09-09,2,7290,6652,5506,4423,6488,3624,2493,9030,4431,4446
223,2011-07-19,1,9127,2711,2632,6281,8284,4647,4240,8481,5994,9280
224,2011-07-19,2,1915,1505,4286,7984,6307,3687,0117,2720,5190,8651
225,2012-05-23,1,4289,8827,4736,7801,6109,2451,0035,6587,3007,7614
226,2012-05-23,2,1449,9696,2137,2016,6397,5653,1896,6175,3119,1326
227,2011-05-23,1,4921,1732,7862,8864,2736,8083,1124,2231,6128,6842
228,2011-05-23,2,6724,4395,7386,5761,6818,8244,4877,8704,1589,0885
229,2011-08-29,1,3697,0734,5345,7261,8798,3337,4387,8038,0877,4739
230,2011-08-29,2,5792,9040,6199,0384,7472,7014,8353,2896,3071,2903
231,2011-12-20,1,7905,4556,2979,0418,8638,1842,6269,8585,6195,5252
232,2011-12-20,2,1288,1201,7761,9955,1011,6669,5911,0846,7766,9133
233,2012-02-03,1,8515,3667,8695,1455,7033,4834,9051,6661,8026,8017
234,2012-02-03,2,8110,6432,7973,3385,1161,3002,9178,3402,8091,0690
235,2011-05-03,1,8250,9245,2561,7784,1450,6043,8484,1848,4607,5823
236,2011-05-03,2,3863,5105,5731,9651,4302,2163,2002,5251,8225,4725
237,2012-02-08,1,8410,4681,9173,8858,2056,0539,6478,5859,2322,3245
238,2012-02-08,2,1453,4298,4051,6361,4742,3283,2986,2359,8191,2760
239,2012-05-03,1,2235,9944,9622,6329,9809,8357,5772,4490,0090,7232
240,2012-05-03,2,5870,0606,1375,1216,9712,3667,1089,6567,2980,0066
241,2011-09-12,1,3309,0328,3400,5970,2789,0681,6098,9085,4595,7483
242,2011-09-12,2,8930,6160,2031,5469,5388,5544,9229,3648,4003,7256
243,2011-09-03,1,9532,1396,5120,8812,2175,7291,6258,8228,1092,8375
244,2011-09-03,2,7073,8037,4355,3443,1241,8017,4231,2543,5460,1338
245,2011-09-22,1,4031,2421,1379,4143,6150,9145,9118,3976,6335,6206
246,2011-09-22,2,4587,3969,2981,3720,4558,5630,9753,6394,9763,3523
247,2012-02-13,1,9351,1461,9950,7977,6248,5617,4580,1963,9651,4051
248,2012-02-13,2,4042,6664,6518,0120,8968,4581,8976,4028,6146,9500
249,2012-06-02,1,2544,1127,7902,3165,6174,0792,4082,8193,3421,8198
250,2012-06-02,2,5998,0328,0045,9490,6531,4655,5562,2799,7118,4061
251,2011-12-13,1,7242,8742,9730,8010,2442,9537,7709,0499,5558,9811
252,2011-12-13,2,6427,9405,1013,3290,3040,3921,6647,6673,4985,7704
253,2012-03-10,1,6412,2154,9760,1681,9982,5332,4093,0546,0651,0485
254,2012-03-10,2,7897,1472,5116,2656,0788,7412,9044,7280,3980,8826
255,2011-11-23,1,3743,0770,2407,4638,4017,6169,8199,7803,0016,3510
256,2011-11-23,2,7112,4330,6055,7994,8574,4285,1329,3814,2218,8546
257,2011-07-05,1,0104,2439,9580,4225,7152,6089,0494,4575,2190,3254
258,2011-07-05,2,2795,1650,5950,1252,5538,4227,1703,6831,5547,8599
259,2012-07-05,1,0035,8628,2514,3844,7041,5175,2526,8626,4697,7813
260,2012-07-05,2,6643,3281,2883,7023,1671,4487,0662,5348,0906,5792
261,2011-10-28,1,9597,8507,6624,1865,4880,1127,7307,4512,3611,5790
262,2011-10-28,2,3934,3228,3310,4299,4846,5825,2967,9991,6186,0397
263,2011-11-12,1,4004,5051,4606,6365,0865,2129,4474,5688,5998,4883
264,2011-11-12,2,0559,8359,3564,3388,4013,2789,2321,4944,3328,4033
265,2011-07-13,1,3640,4610,3373,7891,4745,3900,4776,5174,2171,5983
266,2011-07-13,2,4137,7399,1422,5491,1446,4337,8441,5189,8878,0600
267,2011-05-11,1,0677,5697,7591,1126,8000,1618,8629,1963,8900,0907
268,2011-05-11,2,1822,2951,3079,2345,5041,8367,4424,5519,2249,3658
269,2012-05-11,1,3598,0940,6181,0535,5657,2387,7714,2438,5221,3943
270,2012-05-11,2,8619,7968,5917,6071,2625,4389,3796,0986,9352,2568
271,2011-12-07,1,3319,0237,6409,0615,8689,6086,1592,2444,0861,2761
272,2011-12-07,2,5908,9507,6416,9699,2912,1535,5287,4961,1145,9666
273,2012-03-08,1,1420,0788,3968,5406,8668,8218,2904,6146,9178,5846
274,2012-03-08,2,8484,6552,1411,6967,9179,3802,6465,2118,1113,5616
275,2011-12-12,1,4691,1845,4713,0774,0427,3705,5453,5343,4877,4941
276,2011-12-12,2,9805,0949,5596,0600,5569,7841,9805,2093,6180,7021
277,2011-10-06,1,4940,9641,7540,1620,4479,6443,1354,2614,5223,2547
278,2011-10-06,2,3000,7231,2952,8528,6958,0428,9863,6117,7907,8226
279,2012-04-05,1,9761,7702,8471,6147,9435,9507,7454,0364,8779,0646
280,2012-04-05,2,1317,2946,3390,5830,0450,0288,5456,4672,1886,9926
281,2011-07-27,1,2655,2852,2795,0154,3037,0902,4362,5591,0396,0187
282,2011-07-27,2,8657,8621,8674,7485,3790,7520,0084,6735,7339,7179
283,2011-08-30,1,4176,3224,9431,9872,1132,2052,0396,6031,1810,4962
284,2011-08-30,2,8714,6918,3773,8274,4960,1816,8493,3062,3718,2152
285,2011-08-11,1,3999,9165,5865,4987,3582,5432,8730,1751,1024,1297
286,2011-08-11,2,1366,2932,3738,5195,0821,5643,6985,1090,8749,6769
287,2011-12-31,1,1837,8517,6129,2035,7590,7870,3019,8279,9799,0450
288,2011-12-31,2,4011,7659,0106,3227,0693,1370,0340,5914,9604,2901
289,2011-12-29,1,9554,6476,1752,7470,1553,9547,7073,4542,8675,7442
290,2011-12-29,2,7943,4093,3990,0774,3646,6757,2678,9313,3799,3843
291,2011-08-19,1,7306,8108,4061,0610,4538,6439,2164,8252,1534,6969
292,2011-08-19,2,8530,6851,2486,9443,7077,4287,1422,4376,7680,4660
293,2011-08-31,1,2903,4525,5817,1399,1872,0996,6352,4233,2935,7017
294,2011-08-31,2,9806,0157,7955,5570,3851,6363,4352,4053,9863,9046
295,2012-06-26,1,5248,8263,8961,7732,3759,2219,7878,5052,8765,1554
296,2012-06-26,2,4196,5473,9840,7300,2768,0007,9140,4497,3483,8105
297,2012-02-04,1,1868,7533,4436,7112,1541,6559,6316,2556,8933,0963
298,2012-02-04,2,3453,5249,2358,0921,3577,9280,3056,9772,1366,2312
299,2012-04-02,1,9748,4281,8833,5820,2313,0625,7489,1767,2423,4904
300,2012-04-02,2,8774,7383,5918,9944,9344,2387,5048,2540,5849,5127
301,2011-07-29,1,7009,5016,5118,6140,0261,8801,0987,7559,1345,6373
302,2011-07-29,2,5403,0176,3805,6072,1398,4620,2952,8532,4732,5635
303,2011-05-27,1,2891,4581,7528,3698,7215,4115,1740,0006,1845,5879
304,2011-05-27,2,2702,0084,0251,3026,3581,4989,3437,3742,5879,3532
305,2011-07-20,1,4341,4208,5802,3772,1362,2044,4612,4693,6612,2669
306,2011-07-20,2,5375,0061,9727,0116,4147,2787,1784,5692,8077,6504
307,2012-02-15,1,9835,6447,3935,3126,5416,1011,8491,1635,7135,2353
308,2012-02-15,2,4650,8680,0517,2303,5273,0458,5691,4171,0132,7010
309,2011-09-13,1,5123,4570,0247,1510,0752,1539,9461,2140,3477,4586
310,2011-09-13,2,9456,9532,7023,2703,8518,8154,8777,8616,8764,6708
311,2011-11-18,1,7143,8766,4439,2249,5576,2785,9602,1273,9318,9157
312,2011-11-18,2,9634,8312,5139,7231,5015,2752,6352,9133,8809,9604
313,2012-03-16,1,6047,2015,8652,2301,0988,9793,0683,7143,0946,0965
314,2012-03-16,2,6560,4205,6316,5342,0970,2942,7939,1244,5508,2273
315,2011-12-30,1,0697,8938,3954,8021,4925,4804,2631,6489,6943,6527
316,2011-12-30,2,2565,7232,6896,5081,9390,0644,2711,6968,6865,3662
317,2011-11-07,1,3962,3646,9588,3592,6127,6618,1426,5946,6400,3615
318,2011-11-07,2,4416,9447,7583,4948,5827,0525,4200,4577,9558,8382
319,2011-09-23,1,9587,0926,9199,5973,1276,0830,5538,5066,3603,0569
320,2011-09-23,2,1558,9098,0566,8969,6798,2984,2071,1697,4597,9424
321,2012-04-14,1,2829,0836,1793,3690,4966,9909,0570,1306,5073,2773
322,2012-04-14,2,5062,7320,1982,8158,6425,2545,0603,0889,4798,9956
323,2011-10-17,1,2785,4206,1025,7601,1721,3779,9814,7324,6902,5913
324,2011-10-17,2,7969,6838,6371,1088,0578,5469,6667,7807,9051,1730
325,2011-07-14,1,9348,9260,6641,1342,0158,8359,8484,0688,3483,3062
326,2011-07-14,2,0600,2028,4069,5196,2734,9930,1021,4978,9582,9498
327,2011-08-03,1,1441,0577,1912,6885,4214,4701,9715,5574,4502,8950
328,2011-08-03,2,4519,1711,0323,0824,5277,7786,8208,4650,5318,4042
329,2011-08-12,1,7813,3555,3520,4198,0760,6623,6560,6062,6026,8704
330,2011-08-12,2,5395,7580,0187,5839,1979,5168,8826,3308,8794,9940
331,2011-11-09,1,9603,1182,6949,6298,1247,3273,5451,3930,2767,0029
332,2011-11-09,2,0897,7779,5554,3359,5818,8678,5758,3136,7794,1102
333,2011-08-23,1,5181,2556,4920,7121,7540,4037,3725,7869,0945,3992
334,2011-08-23,2,3439,6169,8328,7327,0956,1533,4935,1832,5307,9806
335,2012-05-30,1,0262,5492,0315,8561,8365,0720,5264,6351,8890,8550
336,2012-05-30,2,8132,9612,7200,1597,8587,6544,6971,9342,2089,0501
337,2011-05-30,1,0105,2093,8008,3547,1741,8832,7056,5158,2232,2421
338,2011-05-30,2,7088,5433,5872,2418,4929,7799,4363,9146,3938,4534
339,2012-05-12,1,6233,8114,3089,5671,4881,3628,2484,0968,9318,2170
340,2012-05-12,2,9134,1050,4902,2387,8354,9742,8942,7865,8880,8723
341,2011-11-25,1,4621,1113,1679,8396,1173,9187,7196,0352,0929,8151
342,2011-11-25,2,7339,0703,6609,7340,0263,7354,1450,1561,5465,3679
343,2011-11-24,1,2256,4261,6811,0591,7090,9313,4014,6737,6983,6792
344,2011-11-24,2,4292,2557,8161,3163,3766,3895,6119,7050,6922,5982
345,2012-03-12,1,3763,4194,9276,2797,4460,6270,3521,9328,7628,4273
346,2012-03-12,2,5488,3827,6417,8933,8257,4014,3306,1993,7646,6878
347,2012-05-16,1,3392,8768,4827,1934,8778,8019,2057,0229,9809,4733
348,2012-05-16,2,2149,5477,6300,3792,6268,5081,4511,0168,1148,1682
349,2011-05-16,1,1744,5986,6176,4126,7123,6475,7169,9028,6263,7882
350,2011-05-16,2,1857,1271,3856,3816,3117,5035,9685,2892,5188,8320
351,2011-12-15,1,4560,5756,7350,2125,6429,9055,5441,5961,8199,8855
352,2011-12-15,2,1261,2139,5678,6405,2950,9380,8562,9411,8429,6408
353,2012-03-29,1,1026,2314,1546,5636,4514,2924,7617,8064,3612,0119
354,2012-03-29,2,8408,7870,7813,5182,9026,4118,5789,0978,9789,8774
355,2011-09-08,1,4982,1938,4320,9785,3436,9401,1632,7378,8426,5220
356,2011-09-08,2,7963,7844,8492,1785,5536,2485,6124,8356,7028,7451
357,2011-10-20,1,7940,4715,8310,7010,0086,9885,9765,9659,9854,7346
358,2011-10-20,2,5883,0001,2260,4774,2290,6084,4930,7060,2594,1162
359,2011-11-28,1,9704,5012,0482,6173,9710,5978,5271,1855,9897,8450
360,2011-11-28,2,2600,1031,9750,9468,4230,8845,8659,7250,8127,8744
361,2011-09-01,1,9646,7397,6342,1991,8413,1246,8319,5182,8198,0527
362,2011-09-01,2,0715,4183,3805,1154,7689,3064,0461,4231,8086,0862
363,2011-05-19,1,1427,7894,7686,4061,9331,2088,1352,4216,5455,2411
364,2011-05-19,2,2173,0498,9766,1001,8942,0245,8060,4504,3025,3218
365,2011-07-18,1,3265,1236,1324,4307,6021,0371,5309,0701,1763,7448
366,2011-07-18,2,2019,3829,0478,2999,3166,7578,4562,9209,4562,7327
367,2011-09-17,1,6351,7269,4643,3287,5234,3489,0666,2127,3678,5442
368,2011-09-17,2,9728,7953,7855,5145,9762,9379,4678,3745,5260,2895
369,2012-02-14,1,6707,2491,6034,9947,0083,9539,4119,1814,0236,4139
370,2012-02-14,2,2225,3032,3202,2013,1504,5427,7459,1189,9448,1499
371,2011-07-04,1,5575,1569,5322,2856,6351,1847,3193,7767,5438,9884
372,2011-07-04,2,0556,4193,2054,9382,6341,3381,6082,6397,4118,5165
373,2012-07-04,1,6615,8435,8742,1956,2628,5075,9881,9645,6537,4623
374,2012-07-04,2,8669,5562,7438,9522,7286,3288,4179,1539,4274,7802
375,2012-01-02,1,4739,8273,8867,5941,9131,2584,0479,4722,9570,7150
376,2012-01-02,2,0484,5469,1096,7360,2749,6697,0674,4190,5685,8204
377,2011-12-24,1,9622,4650,9343,6896,5305,1154,4711,5251,5355,3498
378,2011-12-24,2,7047,3280,5600,5055,4551,0357,8256,5197,7342,2811
379,2011-08-22,1,9563,6133,5367,8095,7047,9021,8010,6152,2748,2027
380,2011-08-22,2,0118,6051,2847,1242,5346,3193,5980,8288,8236,6798
381,2011-11-16,1,2816,5751,4102,4524,6325,6797,5589,5350,7092,5749
382,2011-11-16,2,3992,4769,1724,8965,6803,5988,5761,2021,8421,8969
383,2012-01-23,1,8157,2107,1684,0855,6666,8255,2375,5412,1042,2838
384,2012-01-23,2,7327,9999,2845,4943,9720,1767,2328,3408,4886,5090
385,2012-01-06,1,3106,4708,2208,9016,1530,5677,3795,0454,3038,6643
386,2012-01-06,2,5529,5002,4313,9224,9616,3727,8748,0066,9610,5301
387,2011-11-01,1,1753,8447,2620,5609,3279,4275,8255,0402,3203,0176
388,2011-11-01,2,4612,4730,0400,9463,0712,5490,7051,8491,6766,4554
389,2012-06-30,1,9954,3390,8785,1636,9632,6301,5947,0380,2386,5207
390,2012-06-30,2,5288,5441,2419,9514,1782,5996,7696,8243,3842,8320
391,2011-06-30,1,5743,6511,7685,2733,2269,3377,1883,5984,8917,0963
392,2011-06-30,2,5204,3380,8551,1426,7438,7785,3220,0448,5212,7704
393,2011-05-02,1,4104,8968,3780,2134,9425,3454,6548,9230,6554,0478
394,2011-05-02,2,4629,7288,2528,5737,1605,6791,6849,7949,6068,5895
395,2012-05-02,1,4047,4351,1864,0142,8432,2630,4545,0960,0879,1421
396,2012-05-02,2,6800,0525,4234,0037,7214,7286,8343,8391,6620,5499
397,2012-01-25,1,4773,3812,6780,7995,3385,3463,5679,1517,0081,1699
398,2012-01-25,2,5255,0377,3597,5898,7705,2634,2595,1768,2223,2578
399,2011-12-01,1,4391,0485,2838,2104,9512,7605,3996,7192,6213,1460
400,2011-12-01,2,2703,6464,4423,4560,0804,9990,3050,9276,4512,2258
401,2011-07-12,1,3061,8928,1637,3349,5425,8151,0499,2209,8510,3207
402,2011-07-12,2,1799,7898,8885,9885,8053,4878,5756,1771,1748,2353
403,2011-08-02,1,8917,5124,1980,9215,9374,0642,8083,4444,0509,9457
404,2011-08-02,2,5200,5027,1714,6881,8214,8507,4953,2024,0042,4886
405,2012-03-02,1,8724,6660,1720,9528,7066,0944,7351,1121,1508,5905
406,2012-03-02,2,6017,5237,2465,5073,1959,9574,2426,2337,3592,2430
407,2012-01-26,1,5580,8715,3864,5304,9880,2145,6290,3482,3558,1719
408,2012-01-26,2,7638,8514,7948,7408,9877,6213,0159,9272,1357,3937
409,2012-05-31,1,4632,9217,5437,0113,7751,4617,4214,6131,2293,4356
410,2012-05-31,2,0196,3909,3022,9224,5076,7367,2450,8328,9409,0598
411,2012-01-09,1,5193,3318,5656,5460,9718,6381,8237,6186,3604,2810
412,2012-01-09,2,0354,2956,7158,6678,1489,2964,8245,3307,5785,2979
413,2011-05-31,1,0017,5300,0942,3322,7895,9223,3912,6470,5603,2069
414,2011-05-31,2,0594,7436,6525,4881,0624,0301,6912,7391,9405,3485
415,2012-06-13,1,7746,5151,6681,6018,9735,1112,4946,1657,8356,8257
416,2012-06-13,2,4702,2628,2121,4861,7957,2627,2706,3845,2721,4768
417,2011-06-13,1,7125,4037,9027,8609,8073,5818,8291,7601,3001,4421
418,2011-06-13,2,7762,2700,9136,8478,9163,0831,2200,5377,6398,9471
419,2011-10-31,1,1697,5830,4538,5894,4466,6561,8080,3590,6613,4275
420,2011-10-31,2,3116,9318,3425,9309,5477,8712,9061,6845,5305,0840
421,2011-05-12,1,6171,5386,8545,7449,4184,0514,2335,3216,5289,3170
422,2011-05-12,2,9729,2682,1823,2854,5480,5458,9706,5612,8626,4187
423,2011-07-15,1,5535,3668,4908,8966,7793,8025,5884,0327,6185,8491
424,2011-07-15,2,7421,1438,1785,2001,8415,4781,6247,2069,3716,6883
425,2012-02-06,1,3787,5733,7197,7811,1482,5511,7633,8830,6184,0212
426,2012-02-06,2,4631,3154,3912,4996,3862,8255,4166,8012,6318,8119
427,2012-06-19,1,8871,7321,0834,6338,4856,8902,5987,7177,1934,9176
428,2012-06-19,2,5603,0611,5290,0325,8428,1145,7506,3951,7307,2220
429,2012-03-05,1,4753,2617,4589,9460,4839,5530,1947,1582,1605,3487
430,2012-03-05,2,6803,5958,3503,9137,9754,1965,4552,3880,8516,6984
431,2011-09-06,1,5715,6480,1364,7866,8246,4107,9075,7047,8264,3947
432,2011-09-06,2,7295,9819,7372,2196,7430,2036,5415,9150,1240,8358
433,2011-09-16,1,3722,4872,2493,1424,0493,3248,8581,6939,9489,3565
434,2011-09-16,2,2674,8110,6015,4381,0985,6345,7127,0535,1717,8212
435,2012-04-07,1,3007,3629,3058,5763,3996,5175,4312,4680,5069,4287
436,2012-04-07,2,9603,1598,9629,3554,9531,1541,6586,4681,0246,1730
437,2011-06-20,1,5451,6752,7015,2948,5783,3245,9481,7856,4708,1561
438,2011-06-20,2,0221,5843,6017,9115,1835,0038,4259,5530,6212,0722
439,2012-06-20,1,5647,5294,9662,2344,7931,0056,7251,7584,3760,0200
440,2012-06-20,2,6226,5996,9706,9544,3336,7394,1317,6711,9494,9415
441,2011-12-10,1,3352,4629,1625,9882,8338,7792,4602,5545,0224,6458
442,2011-12-10,2,8578,0596,2075,9382,2793,6900,0406,3164,6016,6410
443,2011-10-04,1,7045,8082,3013,0402,8140,0753,6118,8952,0654,1786
444,2011-10-04,2,0656,6274,2458,8438,8854,1743,6130,8544,2087,8306
445,2012-07-07,1,8338,9967,6538,8095,4499,2120,9489,6166,8009,7537
446,2012-07-07,2,6608,6721,8682,0444,6643,7587,5648,5010,7604,3387
447,2011-07-07,1,5284,2308,8547,7644,7260,3876,9648,3081,1432,1242
448,2011-07-07,2,3933,3207,4400,7870,6445,2979,1090,1606,5955,0694
449,2011-10-26,1,1792,8887,9653,6151,2997,2279,5337,0469,0561,9691
450,2011-10-26,2,3198,6638,1517,8726,5174,5735,8181,5057,0950,7856
451,2011-10-18,1,0663,4822,0021,4321,4063,3695,9433,2230,9571,1518
452,2011-10-18,2,2673,1580,8117,5508,9894,6755,5107,1995,8089,8800
453,2011-10-19,1,6766,7011,9959,4660,7538,2565,4093,3684,3629,4866
454,2011-10-19,2,6318,8640,0843,5993,0899,1388,0350,0800,8612,0051
455,2012-02-18,1,3282,5549,4521,2397,8026,8570,4169,5560,6155,8110
456,2012-02-18,2,9348,7784,3416,7120,5329,6463,8058,9687,6833,2293
457,2011-11-19,1,2831,2337,5053,0191,5615,2990,3445,5360,2436,1358
458,2011-11-19,2,8009,0831,0850,6571,7101,3773,3115,7351,1492,5868
459,2011-08-01,1,2141,6235,0590,9501,3603,9369,9738,9257,1473,4940
460,2011-08-01,2,6590,4514,4792,8121,3315,4913,8081,9531,7034,8400
461,2011-10-13,1,1233,3349,1274,5123,8760,9980,4215,4839,7071,1380
462,2011-10-13,2,8252,6879,4872,9459,9130,7799,7742,6621,9045,4202
463,2011-08-16,1,3427,7707,4534,0049,5845,3806,2826,9133,2815,0835
464,2011-08-16,2,8436,7938,8339,8686,3845,4813,1179,0075,0753,2929
465,2011-09-24,1,0913,1828,0418,4421,4614,1645,3160,4811,6183,4297
466,2011-09-24,2,3338,7838,8469,5618,4514,6637,5431,8597,1298,0248
467,2011-09-15,1,6557,6289,9530,7204,1391,7788,4898,7948,7804,5144
468,2011-09-15,2,4028,8719,8042,5674,3922,1795,2122,9461,1745,1262
469,2012-06-27,1,2803,8846,2845,4002,1518,9547,2624,6434,0507,2777
470,2012-06-27,2,1832,3017,7647,9491,8993,6013,1040,2068,5539,5701
471,2011-11-10,1,2840,1553,4237,4587,0020,5953,7701,4157,7798,5657
472,2011-11-10,2,2484,8804,2439,0921,8763,0655,7454,7829,6699,5066
473,2012-03-22,1,2620,8255,3550,2073,8258,5249,6098,4944,8052,5630
474,2012-03-22,2,2754,3042,6485,8859,9499,3234,8251,0830,9497,3736
475,2011-06-27,1,6704,0040,0025,8014,1836,8506,7617,5921,6556,2048
476,2011-06-27,2,6564,3662,7709,9384,2411,7036,2871,4653,9737,8623
477,2011-11-11,1,9731,2132,2791,4271,0493,8004,6119,0969,9381,0188
478,2011-11-11,2,9561,1271,6620,6490,6446,3374,6319,6473,5575,3491
479,2012-03-01,1,0584,3363,7992,8543,3955,9803,6963,2707,8751,6526
480,2012-03-01,2,6235,6114,9536,3519,1543,2454,5929,1452,6671,1281
481,2011-10-21,1,7271,6975,0009,9123,3658,0179,1059,4946,0427,9389
482,2011-10-21,2,8359,2617,5394,2341,1968,0529,8844,5463,7687,4710
483,2012-07-03,1,3700,8383,1095,2991,8195,8809,6640,3892,0740,9353
484,2012-07-03,2,7872,3208,7862,1022,5966,5307,6988,3522,0554,4958
485,2012-05-05,1,8926,1396,5616,6140,6470,4218,8154,0731,7905,7712
486,2012-05-05,2,6681,3701,6654,6716,0593,7204,3021,7165,4514,8163
487,2011-05-05,1,0230,9921,7848,2915,6616,7555,9753,5504,5629,2297
488,2011-05-05,2,8252,5756,1741,4199,8458,4727,3752,8687,2112,0777
489,2011-12-06,1,8067,4439,8875,5726,3220,9042,9739,5879,2141,6816
490,2011-12-06,2,5336,6800,6626,8574,0925,6928,9832,2666,3477,4899
491,2011-05-10,1,9087,9677,4379,1046,6232,9101,8717,8154,8782,4678
492,2011-05-10,2,5856,2649,1514,4796,3660,0002,1109,0778,5551,3903
493,2012-05-22,1,6212,4371,5605,0922,9195,9040,7022,4930,4798,4264
494,2012-05-22,2,0515,2148,0178,7421,6685,2078,8567,3805,8761,9188
495,2012-01-17,1,2023,0103,4184,0423,6509,4474,4441,0911,7794,1065
496,2012-01-17,2,8516,1781,9204,3753,4145,3449,5684,3101,5953,7365
497,2012-06-22,1,1583,9529,0729,3338,8511,2157,7241,7906,2381,8743
498,2012-06-22,2,2006,9070,6919,2597,9935,6659,8010,0842,5803,4094
499,2011-06-22,1,9455,4016,8316,2266,6572,2437,0096,8389,5569,3203
500,2011-06-22,2,7859,5727,4200,9329,5855,0839,6641,9821,5701,0963
501,2011-10-27,1,1079,5598,3579,0832,8537,8655,4508,9861,3427,7118
502,2011-10-27,2,7839,4811,8038,2038,9932,9872,2242,1927,0488,1440
503,2012-04-30,1,4134,1297,3095,4566,7454,0615,6210,2292,1795,4495
504,2012-04-30,2,6906,6023,2577,8411,9034,3036,0044,1715,7775,5169
505,2012-02-07,1,5677,5283,3128,8616,8570,3345,7038,6988,4711,1013
506,2012-02-07,2,6131,4696,4219,2785,6573,3221,9833,3954,7249,8632
507,2011-05-20,1,5266,7308,7754,7190,2109,1661,6114,7482,2295,5017
508,2011-05-20,2,4508,4415,3394,0114,7348,9951,8655,2889,9667,3125
509,2012-06-23,1,4564,9947,0775,0913,2248,7716,4910,1215,1354,7963
510,2012-06-23,2,1464,1117,8569,5636,5061,1871,1841,1887,3171,0088
511,2011-08-17,1,7556,6035,8473,6410,7422,9149,6646,8408,9986,2852
512,2011-08-17,2,3549,2938,1572,2109,2348,2403,8520,8302,0482,8914
513,2011-11-05,1,1106,4915,3753,8949,8779,9803,8441,4107,9750,8395
514,2011-11-05,2,0357,6749,7157,5148,3470,9287,0907,3933,2613,9822
515,2012-01-16,1,5772,5035,5863,7846,4031,9648,0257,2920,5256,0992
516,2012-01-16,2,7006,7795,9358,6568,8081,6628,6918,9703,9283,2846
517,2012-04-17,1,8057,1878,6265,3834,9030,0188,6025,7689,1556,6595
518,2012-04-17,2,2409,4838,4122,9506,7979,8525,5201,3908,5132,1923
519,2012-03-09,1,3062,0722,4345,4904,6959,3299,3833,0632,0982,7787
520,2012-03-09,2,5777,1961,3424,5832,6794,9674,0911,2122,0672,6326
521,2011-07-01,1,6421,0605,8878,4593,9384,3062,7982,9129,8762,9547
522,2011-07-01,2,7260,3669,4871,4537,5750,4115,8917,3949,8680,3251
523,2012-01-13,1,3297,1335,1744,4012,6629,1704,0897,0813,0455,8614
524,2012-01-13,2,4551,2459,3842,4180,4268,0738,2332,6893,9702,1948
525,2012-03-03,1,4733,1595,5127,4687,2899,3326,8508,8599,8551,4119
526,2012-03-03,2,5080,8357,5559,4834,6445,5889,0850,9424,6741,3827
527,2011-07-30,1,9456,4448,7777,4078,7350,5809,2232,2536,4972,9665
528,2011-07-30,2,8028,3303,8499,0548,9814,9152,6065,4516,3762,2685
529,2011-05-21,1,6539,6104,1621,1026,5982,7155,5983,2981,1855,7183
530,2011-05-21,2,6103,2685,5416,5642,8348,6311,7058,7368,5765,3607
531,2012-05-21,1,4694,9277,9156,0076,1067,0669,1584,1741,7505,9999
532,2012-05-21,2,2356,6535,6836,5557,7362,6845,0863,4911,1831,2287
533,2012-07-06,1,1170,6594,5789,9211,4692,4232,7514,1369,4601,7805
534,2012-07-06,2,7191,9649,1781,6373,2754,6970,2887,2835,0924,1987
535,2011-07-06,1,1695,3434,7131,0110,3291,1480,2222,2199,8933,7940
536,2011-07-06,2,4724,2560,6826,5159,3575,8524,7063,9999,5007,0512
537,2012-01-31,1,9061,1943,3732,9115,2654,0862,3829,8213,8529,2410
538,2012-01-31,2,9164,8577,7655,3605,3914,9123,9191,9429,3679,8221
539,2011-06-24,1,4730,1232,8981,9197,7030,4713,1653,6382,3142,1724
540,2011-06-24,2,1995,9409,8803,0987,8043,8126,9178,7262,9615,2400
541,2011-08-15,1,8438,3860,4997,7737,9103,4515,8177,3588,5732,4830
542,2011-08-15,2,1849,0589,4629,5933,2713,8608,7508,3069,0626,4989
543,2011-09-05,1,8111,5646,5510,1314,0268,6251,7215,0782,7250,4826
544,2011-09-05,2,2501,5853,4436,0285,1854,6652,7274,1691,8796,0480
545,2011-11-22,1,9555,7319,5391,0481,7609,1643,8793,8028,0011,1593
546,2011-11-22,2,4670,7520,0535,6147,4402,3093,8979,5710,7581,7289
547,2011-06-15,1,0732,2240,4112,1056,7110,7188,2037,8728,4646,1786
548,2011-06-15,2,4231,9151,3495,7169,8545,9813,9279,7395,3516,0271
549,2012-06-15,1,2655,6167,3459,0499,1481,8035,6561,0083,2628,0184
550,2012-06-15,2,4190,4845,8566,0465,5056,5571,3269,0397,8836,6235
551,2012-04-28,1,0064,4889,9068,4091,2856,4999,3414,5765,2090,6343
552,2012-04-28,2,7332,9861,0414,9299,5504,0826,6014,0299,5259,5100
553,2011-12-03,1,9837,3170,3003,0191,0043,3813,7388,6754,8874,0259
554,2011-12-03,2,5996,4019,1864,8410,9173,4871,3679,4044,2741,9649
555,2011-10-29,1,7969,2356,6495,8332,4378,6302,0813,3084,3827,1616
556,2011-10-29,2,1270,4609,6917,0948,0363,8613,7852,7538,9833,4713
557,2011-09-28,1,5305,2849,8736,4698,1382,8082,7067,8017,9287,9018
558,2011-09-28,2,1333,7252,5715,8911,2054,3806,5414,9295,6185,5954
559,2011-06-21,1,8132,6947,5979,3989,5930,1570,1874,6456,4883,6976
560,2011-06-21,2,1165,5115,2245,6866,3342,2390,6424,5977,9034,2341
561,2012-06-21,1,4354,8981,6194,8235,7279,4984,2283,0423,5464,5689
562,2012-06-21,2,2216,1311,0348,3992,6392,0111,7258,5834,7040,5029
563,2011-08-05,1,6521,1550,6687,4810,3848,4006,5807,3188,7629,8299
564,2011-08-05,2,1712,9544,2610,6149,9182,9971,5901,6593,0729,5780
565,2011-07-25,1,9518,7123,3955,0872,5449,4802,4307,8259,0104,7603
566,2011-07-25,2,8671,4501,2522,9498,0791,9993,8048,1121,7835,5266
567,2012-06-12,1,8918,3528,4061,5785,8384,5652,0540,1665,2671,0764
568,2012-06-12,2,2979,7362,1595,3689,8763,1682,4911,5103,2155,6065
569,2011-11-03,1,7760,9081,1291,7447,8416,7118,2771,0851,3410,5502
570,2011-11-03,2,0323,1270,8561,0620,7687,1535,1931,5838,0449,4869
571,2012-03-17,1,2309,8046,0759,7596,3468,9730,2500,8719,1121,4621
572,2012-03-17,2,2707,6345,8319,0592,9535,2364,6796,8620,0703,1067
573,2011-08-20,1,6498,9556,6193,4363,5008,0613,8505,7989,5800,6690
574,2011-08-20,2,5032,5637,8507,5904,3296,9928,4473,8824,8111,1591
575,2012-01-21,1,5035,3243,9813,7225,3264,8124,8291,6281,1176,7762
576,2012-01-21,2,5505,2775,5543,2359,7281,4059,9150,3449,8159,0941
577,2011-10-14,1,5766,8302,0930,8618,0428,5578,0486,8445,7598,2722
578,2011-10-14,2,5995,9710,0228,4124,5980,0478,6824,1117,6819,1096
579,2012-05-17,1,0771,0243,4869,3276,3018,1728,2272,2781,5379,3356
580,2012-05-17,2,3385,1361,5280,8892,0852,9058,4478,7680,5459,2787
581,2011-05-17,1,8959,3034,7494,5345,3946,1987,8765,7690,4121,3599
582,2011-05-17,2,7746,6001,0184,5960,8044,7451,1376,8067,1724,5723
583,2012-01-04,1,1358,1874,1668,3787,0132,4843,2111,8634,3114,0109
584,2012-01-04,2,0440,5937,4363,0546,9229,4818,9214,0873,2110,8058
585,2011-06-17,1,4723,8867,6958,9996,9511,4808,8509,7267,6800,9653
586,2011-06-17,2,9803,1543,2064,4938,5465,8587,7917,0377,4083,4822
587,2012-03-20,1,3574,9033,9724,4464,3171,9765,6283,9694,4623,3459
588,2012-03-20,2,9946,1010,7468,6966,2786,8737,5073,9095,0605,5750
589,2012-03-21,1,1018,2897,3436,9572,8036,4892,5249,3509,0710,3102
590,2012-03-21,2,9748,9636,2885,5469,4775,7108,3324,7734,7027,9428
591,2012-05-15,1,5339,5428,8796,1111,4392,5046,0387,4340,8971,7637
592,2012-05-15,2,6986,6956,9467,7269,2336,6006,9564,7428,8773,4258
593,2012-06-16,1,6118,8564,5622,4137,3358,6946,0008,9891,5869,0825
594,2012-06-16,2,7160,2323,5718,9063,9704,7048,8181,4411,7048,5334
595,2011-06-16,1,8407,5385,4620,5215,4715,4751,1587,9120,6530,9563
596,2011-06-16,2,3245,4147,0411,1427,2984,9699,2537,8815,6335,6700
597,2011-12-02,1,5554,2094,9101,6499,1946,1887,6564,0335,5980,7377
598,2011-12-02,2,8621,3758,4554,5388,4631,8375,5672,7471,4833,1901
599,2011-08-04,1,6099,8123,5028,5462,1582,4855,0839,4980,7692,6899
600,2011-08-04,2,9130,6872,8975,3067,1438,0962,8685,3693,6845,4756
601,2012-01-05,1,8995,8459,6867,0504,0745,2510,7511,0292,4036,7066
602,2012-01-05,2,1548,1045,0973,4802,1330,9800,7422,2376,3810,8351
603,2011-06-28,1,3698,4739,2104,8964,6274,1139,0161,8443,1611,2484
604,2011-06-28,2,6272,7856,6675,3847,6957,2929,8994,1477,1631,9052
605,2012-06-28,1,9588,5919,6513,7842,3478,0187,6189,7375,9654,6208
606,2012-06-28,2,7695,7608,3547,6767,3160,1080,9520,2633,5718,8662
607,2012-04-04,1,0119,9623,7050,1033,4155,3228,6675,9064,1898,1279
608,2012-04-04,2,4973,7006,4798,5999,5615,8376,6229,0714,9607,4538
609,2012-04-25,1,0844,0017,5794,2321,1625,2038,1194,6905,8129,7016
610,2012-04-25,2,7549,7998,7880,7399,4181,3439,8500,7457,2061,4182
611,2011-09-30,1,8193,5616,1514,4915,5431,4857,4414,1749,5164,4501
612,2011-09-30,2,4933,1335,8190,6733,4682,7017,8459,8749,2243,1512
613,2012-01-03,1,0908,5457,5630,5399,2102,4229,4724,5138,3645,6018
614,2012-01-03,2,4454,3237,2337,6700,2945,5395,5376,6386,0325,1572
615,2012-04-20,1,5767,2055,0410,3844,0272,4559,5116,9077,7382,7182
616,2012-04-20,2,1281,4092,7432,6672,7115,9439,7161,7356,3701,9390
617,2011-11-26,1,3779,4537,1231,4324,0293,9164,5719,5892,0229,7064
618,2011-11-26,2,4008,1076,0745,5214,8289,1172,6195,9071,6991,1964
619,2011-08-09,1,4639,7280,2161,0093,4414,7632,8634,4879,3871,4410
620,2011-08-09,2,3328,9260,0590,5505,0849,8744,8559,5927,4469,1687
621,2011-12-08,1,2172,3400,3077,8051,7904,2842,0148,7879,1643,8532
622,2011-12-08,2,2157,5925,0986,2225,8109,4972,7468,6707,8317,2749
623,2011-08-08,1,9195,7882,4150,8183,9557,0238,2271,5191,6379,6920
624,2011-08-08,2,0935,5400,0982,4895,3478,5727,8565,4521,8904,7964
625,2011-12-23,1,0922,7900,8680,6350,9321,3499,6725,9062,3012,4469
626,2011-12-23,2,1941,5998,0648,5011,8790,0140,8124,7914,9036,5476
627,2011-08-18,1,0429,4725,9037,0322,7384,7795,0561,6389,7555,9205
628,2011-08-18,2,3194,8790,8079,3343,3448,4571,1770,7112,3796,0921
629,2012-02-27,1,5167,9870,2609,4693,7787,1824,6607,0267,7044,4689
630,2012-02-27,2,0300,1378,6682,5002,5829,7603,6227,4180,2199,3118
631,2011-11-29,1,2358,3645,2609,4344,0251,1954,4306,6580,8150,1532
632,2011-11-29,2,5051,4702,9580,1485,6493,3106,2087,1667,4878,5957
633,2011-05-14,1,2704,8950,8726,4947,3565,6450,5216,1877,6810,4121
634,2011-05-14,2,0959,0063,0384,6050,0673,4892,9238,7772,2877,6715
635,2012-05-14,1,5216,1446,3171,5252,7084,9621,4622,6617,3918,6158
636,2012-05-14,2,5818,7418,6131,9218,6224,0355,9998,4291,4834,7919
637,2012-01-27,1,5885,1897,8020,5932,4967,2895,0148,2600,0133,2915
638,2012-01-27,2,1652,1960,1517,7606,3184,1415,9329,0871,3408,3999
639,2011-07-11,1,6027,6842,6894,3748,7599,5767,3874,4327,7940,2957
640,2011-07-11,2,0587,6034,8682,0226,4628,2158,0465,8293,5810,1096
641,2011-06-11,1,7780,8956,8255,6219,1613,7198,4677,0046,3147,2598
642,2011-06-11,2,1294,1217,2592,9136,0336,9200,2668,3039,7252,5068
643,2012-06-11,1,6064,6964,9794,1447,0631,9927,5071,3847,4622,3234
644,2012-06-11,2,1050,0875,6832,0330,7936,6206,7785,7257,9916,8904
645,2011-12-09,1,4642,2186,4517,3959,4886,0048,7386,2700,2332,3621
646,2011-12-09,2,4760,5361,6927,5593,7638,4553,6760,8643,0186,7664
647,2011-07-28,1,2249,9291,2142,2219,5602,5151,9865,7955,3467,8433
648,2011-07-28,2,3241,1258,8855,0490,8017,9467,2225,3415,5980,0058
649,2012-02-28,1,0051,5542,1222,0200,3372,8301,2022,3434,3748,3794
650,2012-02-28,2,7573,9951,9491,1173,3385,9733,9432,7867,5413,3325
651,2012-05-26,1,5170,1944,6125,6708,6376,6915,2479,2127,3220,7931
652,2012-05-26,2,0419,9130,0600,9704,8206,3209,2419,6914,0073,4816
653,2011-05-26,1,4414,4323,0753,3344,2503,5262,0486,8813,9037,5542
654,2011-05-26,2,2886,8112,5197,2574,3635,8157,6872,5448,5307,5661
655,2012-04-18,1,3154,6395,2278,1574,7416,0368,9391,6092,5376,9863
656,2012-04-18,2,0872,3811,3144,2635,3269,2485,3125,4192,2676,1514
657,2011-11-17,1,6985,6116,8156,9411,4818,4614,7769,1614,6352,6792
658,2011-11-17,2,4082,1131,5200,7663,8396,8638,4457,0614,4387,9662
659,2011-06-06,1,4751,4875,8451,0616,6795,6931,4043,2209,7639,8637
660,2011-06-06,2,1072,2816,2679,5608,3469,0305,1433,0749,0002,1281
661,2012-06-06,1,5485,5330,7598,7323,2151,8178,2886,3692,3198,8587
662,2012-06-06,2,0827,7843,1869,2362,3005,0722,6720,5865,3273,1380
663,2012-03-31,1,7850,4041,2378,4704,9092,5348,5022,4167,7382,1128
664,2012-03-31,2,1599,1153,1862,2785,2800,8804,4587,1355,2712,0951
665,2011-12-28,1,5276,4464,8907,3459,8462,3289,0268,6842,5295,5369
666,2011-12-28,2,0234,3011,3761,4323,1957,4783,9517,8589,5258,9344
667,2011-10-05,1,9136,7733,6908,1687,0288,9295,4155,8974,6103,0130
668,2011-10-05,2,9802,1980,9350,1069,8485,2638,9408,8728,1865,3841
669,2012-01-19,1,2135,3553,7434,3903,1992,8745,3808,6074,3833,8584
670,2012-01-19,2,5139,4025,5794,8247,1534,2686,3068,3060,5703,4740
671,2011-06-14,1,8306,2174,2483,8673,1986,7574,4253,9535,5149,6092
672,2011-06-14,2,3607,4999,9314,5047,8294,4912,3431,6276,1405,2951
673,2012-06-14,1,7203,7571,8545,4117,6479,6507,3124,1777,7037,1365
674,2012-06-14,2,7019,9927,5379,7745,4201,0931,8400,4875,6321,1239
675,2012-01-24,1,9527,2644,1932,6212,3232,4140,3000,8374,7814,7873
676,2012-01-24,2,6938,7444,3847,4908,0519,7531,3466,2542,4110,3230
677,2011-10-25,1,9713,2063,4881,8861,5857,3489,9981,5454,1732,4072
678,2011-10-25,2,8781,1417,3190,3958,4214,6647,9786,5577,2548,6418
679,2012-01-18,1,5490,6625,4695,6128,6317,0660,2771,7415,8767,7220
680,2012-01-18,2,4463,1519,1432,0141,4422,8840,8393,2534,6195,5463
681,2012-05-09,1,9814,4235,6661,2485,1894,6768,3660,8585,3110,5234
682,2012-05-09,2,4084,6656,5825,9598,7852,5921,7850,6297,1593,4070
683,2011-05-09,1,2376,7929,8820,8798,6431,0020,8117,4721,5722,0622
684,2011-05-09,2,6437,5017,1989,7698,6677,6230,9331,0309,7836,2455
685,2012-06-01,1,4095,8378,4523,3162,5494,6361,9316,0100,7415,8282
686,2012-06-01,2,9101,7181,2908,5241,7813,0592,3541,8952,1755,9251
687,2011-06-01,1,4578,4282,0888,9370,3292,1147,6654,5894,8384,3659
688,2011-06-01,2,2836,8713,1085,9663,0257,5715,4821,8578,2396,2334
689,2011-10-07,1,1772,0788,0091,4226,4978,5049,6872,7124,9072,9597
690,2011-10-07,2,3192,9393,2254,3310,9389,8365,4601,0375,2247,4455
691,2012-03-26,1,9372,5651,7321,1595,8111,3171,7887,8820,4101,2742
692,2012-03-26,2,1098,8101,2660,2216,6035,9776,3991,7544,8048,4779
693,2012-04-27,1,7808,8026,6052,5963,0855,4242,6684,9740,5615,5936
694,2012-04-27,2,1373,7701,2680,3420,1378,0272,5353,0296,1978,1567
695,2012-01-14,1,4086,6181,2103,9596,8954,0644,4721,6291,2508,9621
696,2012-01-14,2,2897,6615,3179,5774,4647,1523,5625,4720,5276,8886
697,2012-05-04,1,2206,1093,6375,0982,3657,0329,8420,6715,5652,7920
698,2012-05-04,2,8013,1470,0294,2926,1574,5887,1274,4947,2704,3194
699,2011-05-04,1,8000,3540,6047,3159,5644,3142,5672,1721,3615,0430
700,2011-05-04,2,8806,9351,5465,4172,6676,3316,3430,6911,8857,9014
701,2012-06-04,1,3923,4681,4675,5246,7823,2922,1039,5444,8150,3296
702,2012-06-04,2,4449,4164,1815,8302,9951,0944,0772,6314,8532,7830
703,2011-06-04,1,6603,2367,0106,5240,3221,1934,4103,6018,6737,0312
704,2011-06-04,2,3359,3323,8962,4961,5052,7009,4903,5891,6682,7202
705,2012-03-15,1,2920,0197,1146,1831,2359,0162,2380,6986,8758,7195
706,2012-03-15,2,4791,2678,5229,1581,8364,9947,6711,1355,7059,0786
707,2011-10-01,1,5864,9092,7589,2561,4310,3467,7551,7885,5075,0656
708,2011-10-01,2,5838,0087,7226,8706,9154,0244,3982,7070,5279,8958
709,2012-03-14,1,0141,1127,5544,7518,4085,8858,2880,5882,5048,6200
710,2012-03-14,2,7565,8651,1729,3763,6720,5591,0556,4154,9886,7430
711,2011-06-25,1,2443,8746,2403,3492,8991,1734,9960,0727,1392,3331
712,2011-06-25,2,8555,7994,2421,3049,2115,0010,7713,5172,7153,3039
713,2012-06-25,1,4749,6068,2556,9815,8029,0429,5851,1222,2498,7419
714,2012-06-25,2,3609,5997,8988,8697,6285,0986,9172,0997,1081,5507
715,2012-03-27,1,5643,5159,8422,0300,6317,0893,9389,7575,9487,5526
716,2012-03-27,2,2978,7832,2689,1310,9523,8310,9810,7411,6621,3326
717,2011-05-06,1,8227,6994,2400,5701,8726,7469,4743,6734,7046,1491
718,2011-05-06,2,7089,3514,5842,3039,8631,1728,8678,4364,2809,4047
719,2012-06-05,1,8020,4580,7770,2583,0218,7083,5302,4894,4306,2866
720,2012-06-05,2,8513,5451,5474,7558,4344,0162,7930,5591,2035,7589
721,2012-07-12,1,0944,5877,5873,8805,3253,6686,1258,3811,2851,4202
722,2012-07-09,1,4176,6570,6199,4551,6530,5255,3513,5083,1672,6122
723,2012-07-09,2,5192,9119,4046,7934,6969,3859,3604,9886,6845,8552
724,2012-07-11,1,9543,3568,8326,2047,1034,1039,1437,4727,7379,5149
725,2012-07-11,2,2383,2208,4661,8112,4033,0164,7771,4984,9412,6323
726,2012-07-10,1,2365,1453,6943,0808,7844,1071,4746,7794,8495,3550
727,2012-07-10,2,5345,0163,5046,6136,3000,0661,9725,9472,4968,3498
729,2012-07-12,2,2718,0151,8464,6774,6805,6275,1920,0097,8958,5084
730,2012-07-13,1,8529,4698,4140,9185,2677,3050,4312,7881,7479,7276
731,2012-07-13,2,6577,6575,2543,7475,8818,1515,6227,8838,2572,1222
732,2012-07-14,1,7941,4585,6999,4590,5415,3365,2487,2534,7790,4599
733,2012-07-14,2,5941,9639,4943,8561,4480,6995,3845,8186,9618,1306
761,2012-07-18,2,9697,7096,8626,7322,6570,5005,7675,4546,9199,5657
762,2012-07-18,1,4120,7802,3679,7951,7350,3396,9884,1147,0253,5999
763,2012-07-16,2,4048,2782,9800,6753,6130,0185,4278,6689,1379,6064
764,2012-07-16,1,8718,2667,5598,7047,6456,7711,1692,1194,3582,5908
765,2012-07-17,2,4963,0513,6674,2222,8572,3453,1811,5182,0038,6445
766,2012-07-17,1,5420,6995,7983,4830,1487,5643,8814,4300,9468,6664
767,2012-07-21,2,8068,2342,1305,8748,0116,5486,7405,8411,8746,5433
768,2012-07-21,1,4730,7718,0407,4642,6787,2758,0066,3545,0455,7651
769,2012-07-19,2,7160,7481,7490,3104,3820,5535,1007,5587,7617,5698
770,2012-07-19,1,9079,0836,6932,2583,6369,2777,2991,0883,6663,0220
771,2012-07-20,2,2312,6044,4686,9317,1398,2319,2636,0557,5230,7679
772,2012-07-20,1,7056,7730,4842,2402,4218,0748,0718,1604,1866,7248
774,2012-07-23,1,7703,5851,3103,1528,5273,0093,9646,2046,6901,9537
776,2012-07-24,2,1821,5936,6691,8399,8161,0744,1328,5946,5343,2284
777,2012-07-23,2,4604,9975,1339,1025,8371,4844,5643,4009,0270,1556
